client_id,name,region,signup_source
C1000,Client_0,East,Web
C1001,Client_1,South,Event
C1002,Client_2,Central,ColdCall
C1003,Client_3,North,Web
C1004,Client_4,South,Partner
C1005,Client_5,South,Web
C1006,Client_6,Central,Partner
C1007,Client_7,North,ColdCall
C1008,Client_8,Central,Referral
C1009,Client_9,Central,Web
C1010,Client_10,West,Web
C1011,Client_11,North,ColdCall
C1012,Client_12,North,ColdCall
C1013,Client_13,South,Referral
C1014,Client_14,Central,ColdCall
C1015,Client_15,Central,Referral
C1016,Client_16,South,Partner
C1017,Client_17,North,Event
C1018,Client_18,Central,Event
C1019,Client_19,South,Event
C1020,Client_20,West,Referral
C1021,Client_21,Central,Event
C1022,Client_22,North,Event
C1023,Client_23,South,ColdCall
C1024,Client_24,West,Event
C1025,Client_25,West,Referral
C1026,Client_26,West,Referral
C1027,Client_27,Central,Partner
C1028,Client_28,Central,Partner
C1029,Client_29,South,Event
C1030,Client_30,South,Referral
C1031,Client_31,West,Event
C1032,Client_32,South,Referral
C1033,Client_33,South,Referral
C1034,Client_34,South,Partner
C1035,Client_35,South,Partner
C1036,Client_36,West,Partner
C1037,Client_37,West,Partner
C1038,Client_38,Central,ColdCall
C1039,Client_39,East,Referral
C1040,Client_40,Central,Partner
C1041,Client_41,West,Partner
C1042,Client_42,Central,Partner
C1043,Client_43,West,Web
C1044,Client_44,Central,ColdCall
C1045,Client_45,West,Event
C1046,Client_46,West,Web
C1047,Client_47,South,Referral
C1048,Client_48,East,ColdCall
C1049,Client_49,South,Web
C1050,Client_50,East,Partner
C1051,Client_51,West,Referral
C1052,Client_52,North,Referral
C1053,Client_53,South,Partner
C1054,Client_54,Central,Partner
C1055,Client_55,East,Partner
C1056,Client_56,South,Event
C1057,Client_57,West,Partner
C1058,Client_58,North,Event
C1059,Client_59,West,Partner
C1060,Client_60,South,ColdCall
C1061,Client_61,South,Partner
C1062,Client_62,South,ColdCall
C1063,Client_63,East,Event
C1064,Client_64,West,Web
C1065,Client_65,East,Web
C1066,Client_66,North,ColdCall
C1067,Client_67,Central,Event
C1068,Client_68,North,Web
C1069,Client_69,North,ColdCall
C1070,Client_70,Central,Web
C1071,Client_71,Central,Event
C1072,Client_72,North,Referral
C1073,Client_73,East,ColdCall
C1074,Client_74,Central,Partner
C1075,Client_75,South,ColdCall
C1076,Client_76,East,ColdCall
C1077,Client_77,North,Partner
C1078,Client_78,East,Web
C1079,Client_79,South,Partner
C1080,Client_80,Central,Partner
C1081,Client_81,West,Web
C1082,Client_82,South,Event
C1083,Client_83,North,ColdCall
C1084,Client_84,Central,ColdCall
C1085,Client_85,South,Partner
C1086,Client_86,South,Referral
C1087,Client_87,West,ColdCall
C1088,Client_88,North,Partner
C1089,Client_89,East,Referral
C1090,Client_90,Central,Referral
C1091,Client_91,Central,ColdCall
C1092,Client_92,Central,Partner
C1093,Client_93,North,Web
C1094,Client_94,Central,Event
C1095,Client_95,West,Referral
C1096,Client_96,East,Partner
C1097,Client_97,North,Partner
C1098,Client_98,South,Partner
C1099,Client_99,North,Partner
C1100,Client_100,Central,Web
C1101,Client_101,West,Partner
C1102,Client_102,West,Web
C1103,Client_103,South,Event
C1104,Client_104,East,Web
C1105,Client_105,South,ColdCall
C1106,Client_106,South,Event
C1107,Client_107,West,Partner
C1108,Client_108,East,Partner
C1109,Client_109,East,Web
C1110,Client_110,Central,ColdCall
C1111,Client_111,East,Partner
C1112,Client_112,Central,Referral
C1113,Client_113,South,Web
C1114,Client_114,Central,ColdCall
C1115,Client_115,West,Web
C1116,Client_116,Central,Event
C1117,Client_117,South,Referral
C1118,Client_118,East,Web
C1119,Client_119,North,Web
C1120,Client_120,South,Event
C1121,Client_121,East,Partner
C1122,Client_122,North,Web
C1123,Client_123,Central,Referral
C1124,Client_124,Central,ColdCall
C1125,Client_125,South,ColdCall
C1126,Client_126,Central,Referral
C1127,Client_127,South,Partner
C1128,Client_128,South,ColdCall
C1129,Client_129,East,Event
C1130,Client_130,South,Event
C1131,Client_131,West,ColdCall
C1132,Client_132,Central,Web
C1133,Client_133,North,Partner
C1134,Client_134,South,Web
C1135,Client_135,South,Event
C1136,Client_136,North,Partner
C1137,Client_137,West,ColdCall
C1138,Client_138,West,Web
C1139,Client_139,Central,Event
C1140,Client_140,East,Partner
C1141,Client_141,East,Partner
C1142,Client_142,West,ColdCall
C1143,Client_143,South,Partner
C1144,Client_144,East,Event
C1145,Client_145,East,Event
C1146,Client_146,Central,Partner
C1147,Client_147,North,Event
C1148,Client_148,Central,Event
C1149,Client_149,North,Event
C1150,Client_150,North,ColdCall
C1151,Client_151,North,Partner
C1152,Client_152,North,Web
C1153,Client_153,East,Event
C1154,Client_154,East,ColdCall
C1155,Client_155,Central,Partner
C1156,Client_156,East,Web
C1157,Client_157,West,ColdCall
C1158,Client_158,South,Web
C1159,Client_159,West,ColdCall
C1160,Client_160,South,Referral
C1161,Client_161,West,Web
C1162,Client_162,West,ColdCall
C1163,Client_163,East,Partner
C1164,Client_164,West,Referral
C1165,Client_165,East,Referral
C1166,Client_166,Central,ColdCall
C1167,Client_167,West,Web
C1168,Client_168,North,Web
C1169,Client_169,West,Event
C1170,Client_170,East,Referral
C1171,Client_171,East,Referral
C1172,Client_172,East,Web
C1173,Client_173,East,ColdCall
C1174,Client_174,West,Event
C1175,Client_175,Central,ColdCall
C1176,Client_176,East,ColdCall
C1177,Client_177,North,Referral
C1178,Client_178,North,Event
C1179,Client_179,North,Partner
C1180,Client_180,East,ColdCall
C1181,Client_181,West,ColdCall
C1182,Client_182,West,Event
C1183,Client_183,Central,Referral
C1184,Client_184,North,Event
C1185,Client_185,South,Partner
C1186,Client_186,East,Event
C1187,Client_187,West,ColdCall
C1188,Client_188,South,Web
C1189,Client_189,South,Referral
C1190,Client_190,East,Referral
C1191,Client_191,South,ColdCall
C1192,Client_192,Central,ColdCall
C1193,Client_193,East,Referral
C1194,Client_194,East,Referral
C1195,Client_195,West,Partner
C1196,Client_196,North,Referral
C1197,Client_197,North,Web
C1198,Client_198,North,Partner
C1199,Client_199,South,Event
C1200,Client_200,East,Referral
C1201,Client_201,East,Event
C1202,Client_202,Central,ColdCall
C1203,Client_203,East,Referral
C1204,Client_204,North,Partner
C1205,Client_205,South,ColdCall
C1206,Client_206,Central,Partner
C1207,Client_207,East,ColdCall
C1208,Client_208,Central,ColdCall
C1209,Client_209,Central,ColdCall
C1210,Client_210,South,ColdCall
C1211,Client_211,West,Partner
C1212,Client_212,South,Web
C1213,Client_213,North,Event
C1214,Client_214,East,Event
C1215,Client_215,East,ColdCall
C1216,Client_216,Central,ColdCall
C1217,Client_217,West,ColdCall
C1218,Client_218,North,Web
C1219,Client_219,West,Referral
C1220,Client_220,South,Partner
C1221,Client_221,North,Event
C1222,Client_222,Central,Web
C1223,Client_223,North,Event
C1224,Client_224,West,Referral
C1225,Client_225,Central,ColdCall
C1226,Client_226,Central,Partner
C1227,Client_227,South,Referral
C1228,Client_228,West,Event
C1229,Client_229,North,Event
C1230,Client_230,South,Partner
C1231,Client_231,East,Web
C1232,Client_232,East,Web
C1233,Client_233,West,Partner
C1234,Client_234,Central,Event
C1235,Client_235,East,Partner
C1236,Client_236,West,ColdCall
C1237,Client_237,Central,ColdCall
C1238,Client_238,East,Web
C1239,Client_239,West,Web
C1240,Client_240,South,Event
C1241,Client_241,West,Referral
C1242,Client_242,Central,Web
C1243,Client_243,South,Partner
C1244,Client_244,East,Referral
C1245,Client_245,West,Event
C1246,Client_246,West,Event
C1247,Client_247,South,Partner
C1248,Client_248,West,ColdCall
C1249,Client_249,South,Partner
C1250,Client_250,Central,Referral
C1251,Client_251,East,Web
C1252,Client_252,South,ColdCall
C1253,Client_253,East,Referral
C1254,Client_254,East,Partner
C1255,Client_255,South,Event
C1256,Client_256,North,ColdCall
C1257,Client_257,East,ColdCall
C1258,Client_258,South,Web
C1259,Client_259,South,ColdCall
C1260,Client_260,East,Event
C1261,Client_261,East,Web
C1262,Client_262,North,Partner
C1263,Client_263,North,Partner
C1264,Client_264,North,ColdCall
C1265,Client_265,West,Event
C1266,Client_266,North,Web
C1267,Client_267,East,Partner
C1268,Client_268,East,Partner
C1269,Client_269,North,ColdCall
C1270,Client_270,West,Web
C1271,Client_271,South,Web
C1272,Client_272,East,Referral
C1273,Client_273,North,ColdCall
C1274,Client_274,North,Event
C1275,Client_275,East,Partner
C1276,Client_276,Central,Web
C1277,Client_277,East,Web
C1278,Client_278,North,Web
C1279,Client_279,North,ColdCall
C1280,Client_280,East,Referral
C1281,Client_281,South,ColdCall
C1282,Client_282,South,Partner
C1283,Client_283,West,Web
C1284,Client_284,North,Partner
C1285,Client_285,North,Web
C1286,Client_286,South,Referral
C1287,Client_287,East,Partner
C1288,Client_288,South,Event
C1289,Client_289,East,Referral
C1290,Client_290,North,Partner
C1291,Client_291,East,Web
C1292,Client_292,South,Web
C1293,Client_293,South,Event
C1294,Client_294,East,Partner
C1295,Client_295,East,ColdCall
C1296,Client_296,East,ColdCall
C1297,Client_297,South,Referral
C1298,Client_298,Central,ColdCall
C1299,Client_299,South,Referral
C1300,Client_300,West,Referral
C1301,Client_301,East,ColdCall
C1302,Client_302,North,Partner
C1303,Client_303,West,ColdCall
C1304,Client_304,South,ColdCall
C1305,Client_305,East,Event
C1306,Client_306,Central,Web
C1307,Client_307,Central,Web
C1308,Client_308,West,Event
C1309,Client_309,West,Referral
C1310,Client_310,North,Partner
C1311,Client_311,South,Partner
C1312,Client_312,West,Event
C1313,Client_313,East,Partner
C1314,Client_314,South,Partner
C1315,Client_315,North,ColdCall
C1316,Client_316,Central,Referral
C1317,Client_317,West,Referral
C1318,Client_318,Central,Event
C1319,Client_319,Central,ColdCall
C1320,Client_320,West,Event
C1321,Client_321,West,Partner
C1322,Client_322,South,Referral
C1323,Client_323,West,Referral
C1324,Client_324,East,Event
C1325,Client_325,East,ColdCall
C1326,Client_326,South,Web
C1327,Client_327,South,ColdCall
C1328,Client_328,Central,Partner
C1329,Client_329,West,Event
C1330,Client_330,West,Event
C1331,Client_331,East,ColdCall
C1332,Client_332,West,ColdCall
C1333,Client_333,South,Event
C1334,Client_334,South,ColdCall
C1335,Client_335,Central,ColdCall
C1336,Client_336,South,Referral
C1337,Client_337,Central,Partner
C1338,Client_338,East,Partner
C1339,Client_339,West,Web
C1340,Client_340,Central,Partner
C1341,Client_341,Central,Referral
C1342,Client_342,South,ColdCall
C1343,Client_343,West,Event
C1344,Client_344,Central,Web
C1345,Client_345,South,Referral
C1346,Client_346,South,Referral
C1347,Client_347,West,ColdCall
C1348,Client_348,North,Web
C1349,Client_349,North,ColdCall
C1350,Client_350,North,Partner
C1351,Client_351,West,ColdCall
C1352,Client_352,East,ColdCall
C1353,Client_353,Central,Event
C1354,Client_354,East,Web
C1355,Client_355,Central,Referral
C1356,Client_356,West,Event
C1357,Client_357,North,Web
C1358,Client_358,Central,ColdCall
C1359,Client_359,West,Partner
C1360,Client_360,South,Referral
C1361,Client_361,North,ColdCall
C1362,Client_362,Central,Event
C1363,Client_363,East,Partner
C1364,Client_364,South,ColdCall
C1365,Client_365,South,Partner
C1366,Client_366,West,Referral
C1367,Client_367,Central,Referral
C1368,Client_368,East,ColdCall
C1369,Client_369,Central,Event
C1370,Client_370,South,Partner
C1371,Client_371,Central,Event
C1372,Client_372,West,Partner
C1373,Client_373,West,Web
C1374,Client_374,Central,Partner
C1375,Client_375,North,Referral
C1376,Client_376,West,Event
C1377,Client_377,South,Web
C1378,Client_378,East,Partner
C1379,Client_379,West,Referral
C1380,Client_380,East,Partner
C1381,Client_381,North,ColdCall
C1382,Client_382,North,Partner
C1383,Client_383,West,Event
C1384,Client_384,South,Event
C1385,Client_385,West,Partner
C1386,Client_386,East,ColdCall
C1387,Client_387,East,Partner
C1388,Client_388,West,Web
C1389,Client_389,North,Referral
C1390,Client_390,Central,Event
C1391,Client_391,West,Web
C1392,Client_392,North,Partner
C1393,Client_393,Central,Referral
C1394,Client_394,West,Partner
C1395,Client_395,North,Event
C1396,Client_396,Central,Partner
C1397,Client_397,Central,ColdCall
C1398,Client_398,Central,Referral
C1399,Client_399,North,ColdCall
C1400,Client_400,West,Referral
C1401,Client_401,North,Referral
C1402,Client_402,North,Web
C1403,Client_403,South,Event
C1404,Client_404,Central,Partner
C1405,Client_405,South,Partner
C1406,Client_406,North,Partner
C1407,Client_407,East,ColdCall
C1408,Client_408,South,Web
C1409,Client_409,North,ColdCall
C1410,Client_410,Central,Partner
C1411,Client_411,Central,Web
C1412,Client_412,Central,Partner
C1413,Client_413,West,Event
C1414,Client_414,South,Referral
C1415,Client_415,North,Web
C1416,Client_416,East,Partner
C1417,Client_417,West,Referral
C1418,Client_418,West,Referral
C1419,Client_419,North,Event
C1420,Client_420,North,Partner
C1421,Client_421,South,Event
C1422,Client_422,East,Event
C1423,Client_423,West,Partner
C1424,Client_424,West,Referral
C1425,Client_425,West,Web
C1426,Client_426,South,Referral
C1427,Client_427,East,ColdCall
C1428,Client_428,North,ColdCall
C1429,Client_429,West,Referral
C1430,Client_430,North,Web
C1431,Client_431,North,Partner
C1432,Client_432,East,Partner
C1433,Client_433,East,Referral
C1434,Client_434,East,Partner
C1435,Client_435,West,ColdCall
C1436,Client_436,Central,ColdCall
C1437,Client_437,North,Event
C1438,Client_438,North,Partner
C1439,Client_439,West,Partner
C1440,Client_440,South,Partner
C1441,Client_441,South,Referral
C1442,Client_442,East,ColdCall
C1443,Client_443,Central,Referral
C1444,Client_444,North,Event
C1445,Client_445,Central,ColdCall
C1446,Client_446,West,ColdCall
C1447,Client_447,North,Event
C1448,Client_448,East,ColdCall
C1449,Client_449,North,Event
C1450,Client_450,North,Partner
C1451,Client_451,East,Web
C1452,Client_452,South,ColdCall
C1453,Client_453,East,ColdCall
C1454,Client_454,Central,ColdCall
C1455,Client_455,West,Referral
C1456,Client_456,South,Referral
C1457,Client_457,South,ColdCall
C1458,Client_458,West,ColdCall
C1459,Client_459,East,Web
C1460,Client_460,South,Referral
C1461,Client_461,Central,Referral
C1462,Client_462,West,ColdCall
C1463,Client_463,North,Web
C1464,Client_464,West,ColdCall
C1465,Client_465,West,Partner
C1466,Client_466,South,Web
C1467,Client_467,Central,ColdCall
C1468,Client_468,East,Web
C1469,Client_469,Central,Referral
C1470,Client_470,North,Event
C1471,Client_471,West,Event
C1472,Client_472,South,Web
C1473,Client_473,Central,Event
C1474,Client_474,East,ColdCall
C1475,Client_475,South,ColdCall
C1476,Client_476,North,Referral
C1477,Client_477,North,Partner
C1478,Client_478,East,Web
C1479,Client_479,East,Web
C1480,Client_480,South,Referral
C1481,Client_481,South,Referral
C1482,Client_482,South,Web
C1483,Client_483,East,ColdCall
C1484,Client_484,East,Web
C1485,Client_485,East,Partner
C1486,Client_486,Central,Event
C1487,Client_487,North,Referral
C1488,Client_488,East,Partner
C1489,Client_489,Central,Event
C1490,Client_490,East,Event
C1491,Client_491,South,Partner
C1492,Client_492,Central,Referral
C1493,Client_493,West,Event
C1494,Client_494,East,Referral
C1495,Client_495,Central,Web
C1496,Client_496,Central,Referral
C1497,Client_497,East,Event
C1498,Client_498,South,Event
C1499,Client_499,South,Referral
C1500,Client_500,Central,ColdCall
C1501,Client_501,South,Event
C1502,Client_502,South,ColdCall
C1503,Client_503,North,Referral
C1504,Client_504,North,Partner
C1505,Client_505,East,Referral
C1506,Client_506,South,Referral
C1507,Client_507,East,Partner
C1508,Client_508,South,Partner
C1509,Client_509,East,ColdCall
C1510,Client_510,Central,ColdCall
C1511,Client_511,West,Referral
C1512,Client_512,South,Partner
C1513,Client_513,East,Web
C1514,Client_514,North,Referral
C1515,Client_515,East,Partner
C1516,Client_516,North,Web
C1517,Client_517,North,Web
C1518,Client_518,West,Partner
C1519,Client_519,East,Referral
C1520,Client_520,West,Referral
C1521,Client_521,East,Partner
C1522,Client_522,South,Partner
C1523,Client_523,Central,Web
C1524,Client_524,West,Referral
C1525,Client_525,Central,ColdCall
C1526,Client_526,East,Partner
C1527,Client_527,East,Event
C1528,Client_528,North,Web
C1529,Client_529,South,Partner
C1530,Client_530,East,ColdCall
C1531,Client_531,South,Partner
C1532,Client_532,West,Referral
C1533,Client_533,West,Partner
C1534,Client_534,East,Web
C1535,Client_535,West,Web
C1536,Client_536,West,Web
C1537,Client_537,North,Partner
C1538,Client_538,South,Web
C1539,Client_539,South,Event
C1540,Client_540,South,ColdCall
C1541,Client_541,Central,Referral
C1542,Client_542,North,Partner
C1543,Client_543,North,ColdCall
C1544,Client_544,West,Referral
C1545,Client_545,Central,ColdCall
C1546,Client_546,West,Web
C1547,Client_547,West,Referral
C1548,Client_548,West,Partner
C1549,Client_549,Central,Event
C1550,Client_550,Central,ColdCall
C1551,Client_551,West,ColdCall
C1552,Client_552,North,Partner
C1553,Client_553,North,Partner
C1554,Client_554,West,Event
C1555,Client_555,Central,ColdCall
C1556,Client_556,East,Web
C1557,Client_557,East,Web
C1558,Client_558,West,ColdCall
C1559,Client_559,West,Partner
C1560,Client_560,East,Partner
C1561,Client_561,East,Partner
C1562,Client_562,Central,Partner
C1563,Client_563,North,Event
C1564,Client_564,North,ColdCall
C1565,Client_565,West,ColdCall
C1566,Client_566,South,ColdCall
C1567,Client_567,North,ColdCall
C1568,Client_568,Central,Partner
C1569,Client_569,North,Partner
C1570,Client_570,South,Web
C1571,Client_571,South,Event
C1572,Client_572,North,Event
C1573,Client_573,North,Web
C1574,Client_574,North,Event
C1575,Client_575,South,Partner
C1576,Client_576,South,Web
C1577,Client_577,Central,Event
C1578,Client_578,Central,ColdCall
C1579,Client_579,North,Web
C1580,Client_580,Central,Partner
C1581,Client_581,East,Web
C1582,Client_582,North,ColdCall
C1583,Client_583,North,Partner
C1584,Client_584,South,Partner
C1585,Client_585,Central,Web
C1586,Client_586,West,ColdCall
C1587,Client_587,West,Partner
C1588,Client_588,East,Referral
C1589,Client_589,East,Event
C1590,Client_590,North,Event
C1591,Client_591,West,ColdCall
C1592,Client_592,North,Event
C1593,Client_593,West,Referral
C1594,Client_594,East,Event
C1595,Client_595,North,Event
C1596,Client_596,Central,Event
C1597,Client_597,Central,ColdCall
C1598,Client_598,West,Web
C1599,Client_599,East,ColdCall
C1600,Client_600,East,Web
C1601,Client_601,North,Referral
C1602,Client_602,North,Event
C1603,Client_603,West,Event
C1604,Client_604,North,ColdCall
C1605,Client_605,East,Event
C1606,Client_606,Central,ColdCall
C1607,Client_607,West,Web
C1608,Client_608,South,Event
C1609,Client_609,South,Referral
C1610,Client_610,North,Web
C1611,Client_611,West,Event
C1612,Client_612,North,Web
C1613,Client_613,East,ColdCall
C1614,Client_614,West,Web
C1615,Client_615,West,Partner
C1616,Client_616,West,Web
C1617,Client_617,West,ColdCall
C1618,Client_618,South,Partner
C1619,Client_619,North,Referral
C1620,Client_620,Central,Partner
C1621,Client_621,Central,Partner
C1622,Client_622,West,Web
C1623,Client_623,East,Partner
C1624,Client_624,West,Referral
C1625,Client_625,East,Referral
C1626,Client_626,South,Referral
C1627,Client_627,Central,Partner
C1628,Client_628,East,ColdCall
C1629,Client_629,West,Partner
C1630,Client_630,East,Event
C1631,Client_631,East,Referral
C1632,Client_632,East,Web
C1633,Client_633,South,Web
C1634,Client_634,West,Event
C1635,Client_635,South,Web
C1636,Client_636,East,ColdCall
C1637,Client_637,North,ColdCall
C1638,Client_638,East,Web
C1639,Client_639,South,Referral
C1640,Client_640,Central,Referral
C1641,Client_641,Central,Event
C1642,Client_642,South,Partner
C1643,Client_643,North,Referral
C1644,Client_644,South,Web
C1645,Client_645,East,Partner
C1646,Client_646,Central,Partner
C1647,Client_647,West,Event
C1648,Client_648,South,Web
C1649,Client_649,South,Partner
C1650,Client_650,West,Partner
C1651,Client_651,East,Event
C1652,Client_652,Central,Referral
C1653,Client_653,Central,Referral
C1654,Client_654,Central,Event
C1655,Client_655,North,Partner
C1656,Client_656,South,Partner
C1657,Client_657,West,Referral
C1658,Client_658,East,Referral
C1659,Client_659,East,Web
C1660,Client_660,East,Web
C1661,Client_661,East,ColdCall
C1662,Client_662,North,Web
C1663,Client_663,West,Referral
C1664,Client_664,West,Event
C1665,Client_665,North,Partner
C1666,Client_666,West,Referral
C1667,Client_667,Central,Partner
C1668,Client_668,West,ColdCall
C1669,Client_669,North,Partner
C1670,Client_670,Central,Partner
C1671,Client_671,East,Partner
C1672,Client_672,South,Web
C1673,Client_673,West,Web
C1674,Client_674,Central,Partner
C1675,Client_675,West,ColdCall
C1676,Client_676,West,Web
C1677,Client_677,South,Event
C1678,Client_678,North,Web
C1679,Client_679,South,Referral
C1680,Client_680,East,Event
C1681,Client_681,East,Web
C1682,Client_682,South,Referral
C1683,Client_683,South,Referral
C1684,Client_684,East,Web
C1685,Client_685,South,Event
C1686,Client_686,Central,Referral
C1687,Client_687,South,Web
C1688,Client_688,North,Event
C1689,Client_689,Central,Referral
C1690,Client_690,Central,Event
C1691,Client_691,East,Web
C1692,Client_692,East,Partner
C1693,Client_693,East,Web
C1694,Client_694,East,ColdCall
C1695,Client_695,South,Referral
C1696,Client_696,West,Referral
C1697,Client_697,East,Event
C1698,Client_698,Central,Event
C1699,Client_699,South,Partner
C1700,Client_700,South,ColdCall
C1701,Client_701,South,Partner
C1702,Client_702,North,ColdCall
C1703,Client_703,West,Referral
C1704,Client_704,East,Event
C1705,Client_705,West,Partner
C1706,Client_706,Central,Referral
C1707,Client_707,South,Web
C1708,Client_708,South,Referral
C1709,Client_709,West,Event
C1710,Client_710,Central,ColdCall
C1711,Client_711,West,Web
C1712,Client_712,Central,Referral
C1713,Client_713,East,Event
C1714,Client_714,West,Referral
C1715,Client_715,Central,Web
C1716,Client_716,South,Partner
C1717,Client_717,West,Web
C1718,Client_718,South,Referral
C1719,Client_719,Central,Partner
C1720,Client_720,West,Web
C1721,Client_721,South,ColdCall
C1722,Client_722,West,Referral
C1723,Client_723,West,Partner
C1724,Client_724,South,Event
C1725,Client_725,Central,ColdCall
C1726,Client_726,East,Referral
C1727,Client_727,South,ColdCall
C1728,Client_728,East,ColdCall
C1729,Client_729,North,ColdCall
C1730,Client_730,Central,Event
C1731,Client_731,South,ColdCall
C1732,Client_732,North,Partner
C1733,Client_733,Central,Event
C1734,Client_734,South,Web
C1735,Client_735,Central,ColdCall
C1736,Client_736,Central,ColdCall
C1737,Client_737,South,Partner
C1738,Client_738,East,Referral
C1739,Client_739,North,ColdCall
C1740,Client_740,North,Event
C1741,Client_741,South,Event
C1742,Client_742,West,Referral
C1743,Client_743,Central,Web
C1744,Client_744,West,Referral
C1745,Client_745,South,ColdCall
C1746,Client_746,West,ColdCall
C1747,Client_747,Central,Referral
C1748,Client_748,South,Web
C1749,Client_749,Central,Partner
C1750,Client_750,West,ColdCall
C1751,Client_751,West,Web
C1752,Client_752,South,Web
C1753,Client_753,West,Partner
C1754,Client_754,East,ColdCall
C1755,Client_755,West,Referral
C1756,Client_756,North,ColdCall
C1757,Client_757,Central,Web
C1758,Client_758,Central,Web
C1759,Client_759,North,Event
C1760,Client_760,North,Referral
C1761,Client_761,North,Web
C1762,Client_762,East,Web
C1763,Client_763,North,Referral
C1764,Client_764,South,Event
C1765,Client_765,Central,ColdCall
C1766,Client_766,West,Referral
C1767,Client_767,North,ColdCall
C1768,Client_768,West,Web
C1769,Client_769,West,Web
C1770,Client_770,West,Partner
C1771,Client_771,North,Event
C1772,Client_772,East,Referral
C1773,Client_773,North,Partner
C1774,Client_774,South,Event
C1775,Client_775,North,Web
C1776,Client_776,South,Partner
C1777,Client_777,Central,ColdCall
C1778,Client_778,Central,Partner
C1779,Client_779,Central,Partner
C1780,Client_780,South,ColdCall
C1781,Client_781,Central,Event
C1782,Client_782,East,ColdCall
C1783,Client_783,West,Referral
C1784,Client_784,South,ColdCall
C1785,Client_785,East,Event
C1786,Client_786,West,Partner
C1787,Client_787,North,Partner
C1788,Client_788,South,Partner
C1789,Client_789,South,Referral
C1790,Client_790,West,Web
C1791,Client_791,Central,Partner
C1792,Client_792,South,Event
C1793,Client_793,Central,Web
C1794,Client_794,East,Referral
C1795,Client_795,East,ColdCall
C1796,Client_796,Central,Event
C1797,Client_797,North,Web
C1798,Client_798,Central,Referral
C1799,Client_799,East,Referral
C1800,Client_800,East,Referral
C1801,Client_801,East,Partner
C1802,Client_802,North,Web
C1803,Client_803,West,ColdCall
C1804,Client_804,South,Referral
C1805,Client_805,South,Web
C1806,Client_806,East,Web
C1807,Client_807,East,Web
C1808,Client_808,North,Web
C1809,Client_809,West,Event
C1810,Client_810,West,Event
C1811,Client_811,Central,Web
C1812,Client_812,East,Partner
C1813,Client_813,South,Event
C1814,Client_814,South,ColdCall
C1815,Client_815,South,Event
C1816,Client_816,East,Event
C1817,Client_817,North,Referral
C1818,Client_818,Central,Web
C1819,Client_819,East,Web
C1820,Client_820,North,Web
C1821,Client_821,North,Partner
C1822,Client_822,South,ColdCall
C1823,Client_823,East,Referral
C1824,Client_824,North,Partner
C1825,Client_825,North,Web
C1826,Client_826,East,Web
C1827,Client_827,North,Partner
C1828,Client_828,South,Referral
C1829,Client_829,South,Partner
C1830,Client_830,North,Partner
C1831,Client_831,North,Referral
C1832,Client_832,North,Referral
C1833,Client_833,North,ColdCall
C1834,Client_834,South,Partner
C1835,Client_835,North,ColdCall
C1836,Client_836,North,Partner
C1837,Client_837,West,Partner
C1838,Client_838,South,ColdCall
C1839,Client_839,South,Referral
C1840,Client_840,North,ColdCall
C1841,Client_841,South,Partner
C1842,Client_842,East,ColdCall
C1843,Client_843,West,ColdCall
C1844,Client_844,East,Event
C1845,Client_845,South,Event
C1846,Client_846,East,Event
C1847,Client_847,South,Partner
C1848,Client_848,West,Referral
C1849,Client_849,East,ColdCall
C1850,Client_850,North,Referral
C1851,Client_851,South,ColdCall
C1852,Client_852,North,ColdCall
C1853,Client_853,East,ColdCall
C1854,Client_854,South,Web
C1855,Client_855,East,ColdCall
C1856,Client_856,North,Event
C1857,Client_857,South,Event
C1858,Client_858,North,Web
C1859,Client_859,North,Partner
C1860,Client_860,West,Event
C1861,Client_861,South,Event
C1862,Client_862,South,ColdCall
C1863,Client_863,South,Referral
C1864,Client_864,West,Web
C1865,Client_865,North,Web
C1866,Client_866,East,Web
C1867,Client_867,West,Partner
C1868,Client_868,East,Referral
C1869,Client_869,Central,ColdCall
C1870,Client_870,Central,ColdCall
C1871,Client_871,West,Referral
C1872,Client_872,West,Web
C1873,Client_873,South,Web
C1874,Client_874,East,ColdCall
C1875,Client_875,East,Web
C1876,Client_876,East,Partner
C1877,Client_877,South,Referral
C1878,Client_878,East,Referral
C1879,Client_879,West,Web
C1880,Client_880,North,Referral
C1881,Client_881,Central,Partner
C1882,Client_882,East,Web
C1883,Client_883,North,Referral
C1884,Client_884,West,Web
C1885,Client_885,West,Referral
C1886,Client_886,Central,Referral
C1887,Client_887,East,Referral
C1888,Client_888,Central,Partner
C1889,Client_889,North,Partner
C1890,Client_890,Central,ColdCall
C1891,Client_891,Central,ColdCall
C1892,Client_892,Central,Web
C1893,Client_893,South,Event
C1894,Client_894,West,ColdCall
C1895,Client_895,West,Referral
C1896,Client_896,East,Event
C1897,Client_897,West,Web
C1898,Client_898,West,ColdCall
C1899,Client_899,South,ColdCall
C1900,Client_900,East,Partner
C1901,Client_901,East,ColdCall
C1902,Client_902,North,Event
C1903,Client_903,West,Partner
C1904,Client_904,Central,Partner
C1905,Client_905,Central,Partner
C1906,Client_906,South,Event
C1907,Client_907,East,Web
C1908,Client_908,East,ColdCall
C1909,Client_909,West,Web
C1910,Client_910,South,Partner
C1911,Client_911,North,Partner
C1912,Client_912,East,Event
C1913,Client_913,North,Referral
C1914,Client_914,North,Web
C1915,Client_915,East,ColdCall
C1916,Client_916,North,Partner
C1917,Client_917,East,Web
C1918,Client_918,East,ColdCall
C1919,Client_919,West,Referral
C1920,Client_920,East,Web
C1921,Client_921,Central,Web
C1922,Client_922,West,Referral
C1923,Client_923,South,Event
C1924,Client_924,East,Event
C1925,Client_925,Central,Partner
C1926,Client_926,East,Partner
C1927,Client_927,West,Event
C1928,Client_928,West,Referral
C1929,Client_929,West,Event
C1930,Client_930,North,Referral
C1931,Client_931,South,Web
C1932,Client_932,West,Partner
C1933,Client_933,North,ColdCall
C1934,Client_934,South,Partner
C1935,Client_935,North,Web
C1936,Client_936,Central,Referral
C1937,Client_937,South,Partner
C1938,Client_938,Central,Partner
C1939,Client_939,East,Event
C1940,Client_940,North,Event
C1941,Client_941,South,ColdCall
C1942,Client_942,East,Referral
C1943,Client_943,East,ColdCall
C1944,Client_944,East,Referral
C1945,Client_945,South,Referral
C1946,Client_946,East,Event
C1947,Client_947,South,Event
C1948,Client_948,East,Referral
C1949,Client_949,North,Partner
C1950,Client_950,West,Web
C1951,Client_951,East,Partner
C1952,Client_952,East,ColdCall
C1953,Client_953,Central,Partner
C1954,Client_954,Central,ColdCall
C1955,Client_955,West,Partner
C1956,Client_956,West,Referral
C1957,Client_957,North,Referral
C1958,Client_958,West,Referral
C1959,Client_959,West,ColdCall
C1960,Client_960,North,Partner
C1961,Client_961,South,Event
C1962,Client_962,East,ColdCall
C1963,Client_963,South,Web
C1964,Client_964,South,Web
C1965,Client_965,South,Referral
C1966,Client_966,West,Referral
C1967,Client_967,East,Web
C1968,Client_968,South,ColdCall
C1969,Client_969,Central,Event
C1970,Client_970,West,Web
C1971,Client_971,North,ColdCall
C1972,Client_972,Central,Event
C1973,Client_973,West,Event
C1974,Client_974,East,Partner
C1975,Client_975,West,Web
C1976,Client_976,West,Referral
C1977,Client_977,South,ColdCall
C1978,Client_978,South,Web
C1979,Client_979,North,Partner
C1980,Client_980,West,ColdCall
C1981,Client_981,North,Referral
C1982,Client_982,South,Partner
C1983,Client_983,North,Partner
C1984,Client_984,South,ColdCall
C1985,Client_985,North,ColdCall
C1986,Client_986,West,ColdCall
C1987,Client_987,North,Web
C1988,Client_988,West,Referral
C1989,Client_989,Central,ColdCall
C1990,Client_990,South,Web
C1991,Client_991,Central,Referral
C1992,Client_992,North,Referral
C1993,Client_993,South,Web
C1994,Client_994,Central,ColdCall
C1995,Client_995,East,Partner
C1996,Client_996,Central,Event
C1997,Client_997,North,ColdCall
C1998,Client_998,North,Partner
C1999,Client_999,West,Referral
